"source","target","weight"
"10157","Overview",1
"10158","Omeka",1
"10162","YouTube",3
"10164","Twitter",2
"10179","Skype",1
"10180","Tumblr",1
"10181","Google",1
"10181","YouTube",1
"10182","Google",1
"2156","Topic",1
"2157","D3.js",1
"2157","JavaScript",2
"2157","Juxta",3
"2157","Origin",1
"2157","fixed",1
"2159","Paper",1
"2163","R",1
"2165","ArcGIS",1
"2165","Excel",3
"2165","Google",4
"2165","Twitter",4
"2165","YouTube",3
"2166","CollateX",1
"2166","Juxta",1
"2166","TRAViz",7
"2166","Versioning Machine",1
"2166","fixed",1
"2167","Google Scholar",2
"2168","Processing",1
"2168","fixed",1
"2171","Gephi",2
"2171","Overview",1
"2174","Alveo",6
"2174","Blacklight",1
"2174","JavaScript",1
"2174","Solr",1
"2175","Ruby",1
"2176","GeoNames",1
"2180","fixed",1
"2182","TreeTagger",2
"2183","Freebase",1
"2183","R",1
"2186","Google",2
"2187","Processing",1
"2191","Paper",3
"2191","R",11
"2191","Twitter",3
"2191","YouTube",1
"2194","Cytoscape",1
"2194","Exhibit 3.0",1
"2194","Gephi",1
"2194","Google",2
"2194","IsaViz",2
"2194","LodLive",1
"2194","NeOn Toolkit",2
"2194","OntoViz",2
"2194","Prefuse",1
"2194","ProcessingJS",1
"2194","Protovis",1
"2194","Protégé",1
"2194","RDF Gravity",1
"2194","RelFinder",1
"2194","SemLens",1
"2194","Tableau Public",1
"2194","Visual Browser",1
"2194","Wiki Map Project",1
"2194","gFacet",1
"2194","tFacet",1
"2196","NodeXL",10
"2196","Palladio",1
"2196","Papers",1
"2196","Protovis",1
"2196","VisualEyes",11
"2199","WordPress",1
"2201","fixed",1
"2203","Twitter",1
"2204","Topic",3
"2205","fixed",1
"2206","Mallet",1
"2206","Topic",2
"2206","fixed",4
"2206","word2vec",1
"2208","fixed",2
"2209","R",1
"2211","Excel",1
"2211","OpenRefine",1
"2212","Excel",1
"2212","Google Books",1
"2213","Papers",1
"2213","Prism",3
"2213","Projects",2
"2213","R",2
"2213","Summarize",1
"2213","Topic",1
"2214","DARIAH-DE Collection Registry",1
"2215","Tumblr",2
"2216","JavaScript",1
"2216","Palladio",1
"2220","fixed",1
"2222","Silk",3
"2225","Blender",1
"2225","Second Life",1
"2225","Unity",1
"2227","YouTube",4
"2228","Python",1
"2228","igraph",1
"2229","Processing",1
"2229","Topic",10
"2236","Chrome",1
"2236","Firefox",1
"2236","Overview",1
"2236","Processing",2
"2237","JavaScript",1
"2237","Overview",1
"2237","Tesseract",1
"2238","SNAP",1
"2239","VARD",6
"2239","Voyant Tools",3
"2239","fixed",1
"2240","Python",1
"2242","Overview",1
"2242","Processing",1
"2242","TF-IDF",1
"2242","Topic",1
"2245","JavaScript",2
"2245","PostgreSQL",1
"2245","SARIT",1
"2245","fixed",1
"2246","Bookworm",11
"2246","Google",2
"2246","Google Books",1
"2246","HathiTrust Digital Library",1
"2246","Solr",1
"2247","Overview",1
"2247","Topic",3
"2249","Gephi",3
"2249","JavaScript",1
"2249","R",1
"2249","Serendip",3
"2249","Topic",3
"2253","Neatline",1
"2253","Omeka",1
"2254","Historypin",2
"2254","Spatial",1
"2255","Firefox",1
"2255","KWIC",4
"2255","TXM",13
"2256","Google",1
"2257","Palladio",14
"2258","T-PEN",1
"2261","Overview",1
"2263","CollateX",4
"2264","WebGL",1
"2265","R",1
"2269","Pliny",1
"2269","Zotero",2
"2271","Overview",2
"2271","Things",1
"2273","Processing",1
"2273","Topic",2
"2275","Python",1
"2275","R",1
"2275","stylo",2
"2277","CONTENTdm",1
"2279","D3.js",1
"2279","Juxta",2
"2284","WordPress",2
"2285","Python",2
"2286","Github",1
"2286","Kindle",1
"2286","PostgreSQL",1
"2286","R",1
"2286","Ruby",1
"2286","Twitter",4
"2287","ARTFL Encyclopédie Project",1
"2287","Gephi",1
"2289","Zotero",1
"2291","ArcGIS",1
"2291","Europeana Collections",1
"2291","GeoNames",1
"2291","R",5
"2292","Gephi",1
"2292","SNAP",1
"2292","Silk",2
"2293","YouTube",2
"2294","Google",1
"2296","Google",1
"2296","R",1
"2297","Freebase",1
"2300","Commons In A Box",1
"2300","Google",1
"2300","WordPress",1
"2301","Bootstrap",1
"2301","Excel",1
"2301","JavaScript",3
"2302","KORA",8
"2304","Google",1
"2304","Google Books",2
"2306","fixed",1
"2307","Google",1
"2307","JavaScript",1
"2307","Pliny",1
"2308","Gephi",1
"2308","R",2
"2309","R",2
"2309","igraph",1
"2313","Wavesurfer",3
"2316","Overview",1
"2316","Papers",1
"2316","R",1
"2318","Natural Language Toolkit",1
"2318","Python",1
"2318","Topic",1
"2321","QGIS",4
"2322","Blogger",1
"2326","Twitter",1
"2328","Django",1
"2328","Drupal",1
"2328","PhiloLogic",2
"2328","R",1
"2329","R",1
"2329","WorldCat",1
"2330","Google",1
"2330","MAXQDA",1
"2330","Wordle",1
"2331","Processing",1
"2331","TXM",25
"2331","TreeTagger",1
"2333","HathiTrust Digital Library",2
"2336","KWIC",1
"2339","Juxta",2
"2339","OmniPage",1
"2339","Sophie",3
"2339","Tesseract",1
"2340","WordSmith",1
"2344","Github",1
"2344","HathiTrust Digital Library",1
"2345","Perl",2
"2345","Python",1
"2346","Twitter",2
"2350","Papers",1
"2352","Gephi",1
"2352","Overview",1
"2352","Silk",2
"2353","fixed",2
"2354","Processing",1
"2355","Gephi",1
"2355","Twitter",6
"2356","Twitter",3
"2357","Islandora",1
"2360","fixed",1
"2363","YouTube",1
"2364","R",1
"2364","stylo",2
"2365","Google",1
"2366","Concordance",1
"2366","Icon",3
"2366","Prolog",1
"2366","R",1
"2366","Voyant Tools",1
"2368","Processing",3
"2369","Google Books",1
"2371","Natural Language Toolkit",1
"2371","Python",1
"2371","Spatial",2
"2371","Textal",10
"2371","Wordle",1
"2372","Google",1
"2374","TF-IDF",3
"2378","AustESE",3
"2378","Google",1
"2380","Google",2
"2380","Lucene",2
"2380","R",7
"2380","Solr",2
"2380","Topic",1
"2381","Gephi",3
"2381","Overview",1
"2383","Google",1
"2384","Gephi",1
"2384","RoSE",1
"2385","PeriodO",1
"2385","fixed",1
"2388","Intelligent Archive",4
"2388","KWIC",5
"2388","Papers",1
"2388","Python",1
"2388","R",4
"2388","WordSmith",6
"2391","Mallet",1
"2392","Google",1
"2394","R",1
"2394","Topic",8
"2394","TreeTagger",1
"2394","gensim",1
"2394","stylo",1
"2395","Processing",1
"2395","Ruby",1
"2397","Google",3
"2397","Google Books",8
"2397","Kindle",1
"2398","Google",1
"2399","Adobe InDesign",1
"2399","Processing",1
"2402","Google",1
"2402","Omeka",1
"2403","Google",1
"2403","Spatial",1
"2404","Gephi",1
"2404","Leaflet",1
"2404","QGIS",1
"2404","Tableau Public",2
"2405","Google Books",1
"2409","Abbot",1
"2409","TEI Boilerplate",2
"2410","fixed",1
"2411","CollateX",3
"2412","Cytoscape",1
"2412","Origin",1
"2413","Twitter",3
"2414","FromThePage",4
"2414","Omeka",1
"2414","Ruby",1
"3764","Gephi",6
"3764","R",1
"3764","fixed",1
"3765","Google Books",1
"3765","R",1
"3766","R",3
"3767","R",1
"3770","Omeka",1
"3770","R",1
"3770","Tropy",12
"3771","R",2
"3771","Topic",1
"3772","MorphAdorner",2
"3772","R",1
"3773","Google",1
"3774","Transkribus",4
"3774","fixed",1
"3775","Kindle",1
"3775","Omeka",1
"3775","R",3
"3775","Topic",1
"3777","Bootstrap",3
"3777","Lexos",5
"3777","Python",2
"3777","R",10
"3777","Typical",1
"3777","Voyant Tools",2
"3778","Annotate",1
"3778","Processing",2
"3778","R",4
"3778","TreeTagger",2
"3779","Markdown",1
"3779","R",1
"3780","Lexos",4
"3780","Mallet",2
"3780","Overview",1
"3780","Processing",2
"3780","Python",1
"3780","R",3
"3780","Topic",1
"3782","Paper",2
"3782","Python",1
"3782","R",2
"3783","R",3
"3784","Concordance",1
"3784","KWIC",1
"3784","Origin",1
"3784","R",1
"3784","Unity",1
"3785","Concordance",1
"3785","R",4
"3786","Django",1
"3786","Python",1
"3786","Things",1
"3787","R",2
"3788","R",3
"3789","Github",1
"3789","Google",1
"3789","Processing",1
"3789","Twitter",4
"3791","Ptolemaic",9
"3791","R",1
"3794","Bootstrap",1
"3794","Lexomics",3
"3794","Lexos",26
"3794","Python",1
"3794","R",2
"3794","Voyant Tools",2
"3795","JavaScript",1
"3795","eXist-db",2
"3797","R",3
"3797","Topic",1
"3798","R",3
"3799","Github",1
"3799","MySQL",2
"3799","Python",1
"3799","R",1
"3799","TF-IDF",1
"3799","Topic",3
"3800","R",3
"3801","BabelNet",1
"3801","MediaWiki",1
"3801","R",2
"3802","Processing",2
"3802","Projects",1
"3802","R",1
"3803","Papers",1
"3803","R",5
"3804","R",4
"3805","Origin",1
"3805","Processing",1
"3805","R",1
"3805","TXM",2
"3805","Topic",1
"3806","Digital Humanities Course Registry",1
"3806","Overview",1
"3807","Google",1
"3807","Omeka",1
"3807","Unity",1
"3809","Orange",2
"3809","R",2
"3809","stylo",1
"3810","Processing",2
"3810","R",2
"3813","R",2
"3813","Twitter",2
"3815","MySQL",2
"3815","R",2
"3817","Google",2
"3817","R",1
"3819","Django",2
"3819","PostgreSQL",1
"3819","SNAP",1
"3819","Solr",1
"3820","Paper",1
"3820","Papers",1
"3820","R",6
"3821","AntConc",1
"3821","R",3
"3822","Django",3
"3822","JavaScript",1
"3822","Python",1
"3822","R",1
"3824","R",2
"3825","Natural Language Toolkit",1
"3825","Processing",2
"3825","word2vec",2
"3826","Projects",1
"3826","R",5
"3826","Unity",1
"3828","R",2
"3831","R",8
"3832","Excel",1
"3832","Projects",1
"3832","R",2
"3833","Ghost",1
"3833","Things",1
"3835","CQPweb",1
"3835","Dashboard",1
"3835","R",12
"3835","TXM",1
"3835","Voyant Tools",1
"3836","Origin",1
"3836","Projects",1
"3836","R",2
"3836","Things",1
"3837","Overview",1
"3838","Google",6
"3838","R",2
"3838","Skype",1
"3838","Slack",1
"3838","Twitter",4
"3838","word2vec",2
"3839","Basecamp",1
"3839","Github",1
"3839","Google",2
"3839","Google Drive",2
"3839","Natural Language Toolkit",1
"3839","Python",2
"3839","Slack",2
"3839","Twitter",3
"3841","Annotations",1
"3841","Google",1
"3841","Papers",1
"3841","R",6
"3841","Spatial",1
"3843","JavaScript",1
"3843","Overview",1
"3843","Perl",1
"3843","Processing",2
"3843","Python",1
"3843","Ruby",1
"3843","SOAP",2
"3843","Topic",1
"3844","R",5
"3844","Topic",4
"3844","word2vec",1
"3845","Prospect",1
"3845","R",1
"3848","Annotations",1
"3848","Overview",1
"3848","Papers",1
"3848","Processing",1
"3848","R",4
"3848","TF-IDF",1
"3848","Topic",6
"3849","Machine Translation",1
"3849","Topic",1
"3850","Overview",1
"3850","Pocket",1
"3850","Projects",1
"3850","R",7
"3851","Papers",1
"3851","Pattern",1
"3851","R",1
"3852","BabelNet",11
"3852","Jing",2
"3852","Juxta",1
"3852","Processing",2
"3852","R",5
"3855","Bootstrap",1
"3855","D3.js",1
"3855","JavaScript",2
"3855","Overview",1
"3855","R",1
"3855","Things",1
"3856","GeoNames",1
"3856","MediaWiki",2
"3856","Perl",1
"3857","MySQL",1
"3857","Perl",1
"3857","R",1
"3858","Github",1
"3858","JavaScript",2
"3858","R",1
"3858","WebGL",8
"3858","fixed",3
"3859","R",4
"3859","Topic",1
"3861","R",1
"3862","Excel",1
"3863","TXM",6
"3863","TreeTagger",1
"3864","Processing",1
"3864","R",2
"3865","Overview",2
"3866","Processing",1
"3868","Overview",1
"3868","Pattern",3
"3868","R",2
"3869","Google",1
"3869","Historypin",2
"3869","R",1
"3869","Silk",3
"3869","fixed",2
"3870","Topic",10
"3872","Projects",2
"3872","R",4
"3872","Twitter",1
"3876","Chart.js",1
"3876","D3.js",1
"3876","JavaScript",2
"3876","Leaflet",1
"3876","PostgreSQL",1
"3876","R",3
"3876","Spatial",1
"3877","Processing",2
"3877","R",1
"3878","Annotorious",1
"3878","PostgreSQL",2
"3879","R",1
"3879","Silk",1
"3879","Spatial",1
"3881","Photogrammar",5
"3881","Trello",1
"3883","Annotations",1
"3883","R",2
"3883","fixed",1
"3884","Pattern",1
"3885","GeoNames",1
"3886","Tumblr",2
"3886","Twitter",3
"3886","YouTube",5
"3887","Omeka",1
"3887","Projects",2
"3887","R",1
"3888","Annotations",3
"3888","Anvil",1
"3888","ELAN",1
"3888","Hypothes.is",1
"3888","Paper",1
"3888","Projects",1
"3888","Pundit",2
"3888","R",2
"3888","Textual Communities",1
"3888","eLaborate",1
"3889","Projects",1
"3890","Substance",1
"3890","fixed",1
"3891","R",5
"3892","Pattern",1
"3892","Python",2
"3892","R",2
"3892","Silk",1
"3893","Processing",2
"3893","R",1
"3896","Github",1
"3896","Spatial",4
"3896","TileMill",1
"3896","fixed",1
"3897","R",1
"3897","Twitter",15
"3898","Django",1
"3898","Solr",2
"3899","DSpace",1
"3899","Fedora",4
"3899","Solr",1
"3899","Virtual Language Observatory",2
"3900","Processing",3
"3900","Python",10
"3900","R",4
"3900","Topic",1
"3900","gensim",1
"3901","Matlab",1
"3901","Processing",1
"3901","Python",1
"3901","R",4
"3902","Google",1
"3902","Spatial",1
"3903","R",1
"3904","Paper",1
"3904","R",1
"3905","Processing",3
"3905","R",1
"3906","R",4
"3906","Things",1
"3907","Drupal",2
"3907","Fedora",1
"3907","Projects",1
"3907","R",1
"3908","Overview",1
"3908","Paper",1
"3908","R",1
"3908","Spatial",1
"3908","Zotero",1
"3909","Omeka",1
"3909","R",4
"3909","Shadows",1
"3910","Overview",1
"3910","Paper",1
"3910","R",1
"3911","Paper",2
"3912","Mallet",1
"3912","R",3
"3912","Topic",5
"3914","Drupal",1
"3914","Fedora",1
"3914","Github",1
"3914","R",2
"3915","ISIDORE",1
"3916","Prospect",1
"3916","R",2
"3916","Spatial",3
"3917","Neatline",7
"3917","Omeka",2
"3917","Tableau Public",2
"3918","D3.js",1
"3918","Github",2
"3918","Hypothes.is",2
"3918","Omeka",2
"3922","Dedoose",1
"3923","Historypin",1
"3923","Photogrammar",2
"3923","R",2
"3925","Github",1
"3925","Leaflet",1
"3927","Juxta",1
"3927","R",2
"3927","fixed",1
"3928","R",3
"3929","Processing",1
"3929","R",1
"3931","Github",1
"3931","JavaScript",1
"3931","fixed",1
"3932","R",3
"3933","Twitter",1
"3935","R",1
"3937","CartoDB",1
"3937","Photogrammar",6
"3937","Processing",1
"3937","R",2
"3937","Spatial",3
"3939","Ghost",3
"3940","GeoNames",1
"3940","Paper",3
"3940","R",2
"3941","R",1
"3943","Natural Language Toolkit",1
"3943","Omeka",1
"3943","WordPress",1
"3945","Cytoscape",3
"3945","Gephi",1
"3946","Anthologize",1
"3946","Commons In A Box",8
"3946","Google",1
"3946","Hypothes.is",1
"3946","Omeka",2
"3946","OpenRefine",1
"3946","Paper",4
"3946","R",1
"3946","Topic",1
"3946","Twitter",1
"3946","WordPress",5
"3947","Spatial",6
"3947","Unity",1
"3948","Google",1
"3949","Paper",1
"3949","Papers",1
"3949","R",2
"3951","KWIC",2
"3951","Pattern",1
"3951","R",1
"3952","Blacklight",1
"3952","Fedora",1
"3952","R",1
"3952","Solr",1
"3953","R",1
"3953","word2vec",2
"3955","R",1
"3955","Readability",1
"3955","TRACER",1
"3956","Ptolemaic",1
"3956","R",1
"3957","OpenRefine",3
"3957","R",4
"3957","Zenodo",2
"3958","Papers",1
"3958","Quill",2
"3958","R",1
"3959","MySQL",1
"3959","Paper",2
"3960","R",1
"3960","nodegoat",6
"3961","R",1
"3961","nodegoat",6
"3962","JavaScript",2
"3962","Jigsaw",1
"3962","Leaflet",2
"3962","Projects",1
"3962","R",2
"3964","CollateX",5
"3964","Python",1
"3964","R",1
"3965","Protégé",1
"3968","Natural Language Toolkit",1
"3968","Python",1
"3969","Drupal",2
"3969","R",1
"3969","Twitter",2
"3970","GapVis",2
"3970","Hypothes.is",5
"3970","Hypothesis",1
"3970","R",2
"3970","SNAP",4
"3971","Processing",1
"3971","R",2
"3971","Topic",15
"3972","Overview",1
"3972","R",3
"3972","fixed",1
"3975","Github",1
"3975","JavaScript",1
"3975","Python",1
"3975","R",2
"3975","fixed",1
"3976","Overview",1
"3976","R",1
"3977","Jing",3
"3977","Processing",2
"3977","R",2
"3978","Processing",1
"3978","R",3
"3979","Gephi",3
"3979","R",1
"3981","Tableau Public",1
"3982","ArcGIS",3
"3983","Dropbox",1
"3983","R",1
"3983","YouTube",1
"3985","Paper",1
"3985","R",2
"3986","Paper",1
"3986","Python",2
"3986","Twitter",6
"3987","Overview",1
"3987","R",5
"3987","Transcript",1
"3988","Processing",1
"3988","R",1
"3989","Twitter",2
"3990","Kindle",1
"3991","Processing",1
"3992","DH Press",1
"3993","Gephi",1
"3993","Palladio",1
"3993","nodegoat",25
"3995","R",3
"3996","R",2
"3997","Github",1
"3997","Paper",2
"3997","Prospect",1
"4001","Projects",1
"4001","R",3
"4001","Spatial",1
"4001","Substance",1
"4001","Topic",1
"4002","Overview",1
"4002","Processing",2
"4002","R",2
"4002","TRACER",19
"4002","Tesserae",2
"4002","TreeTagger",6
"4004","R",1
"4005","Omeka",1
"4005","Papers",1
"4005","R",1
"4006","PhiloLogic",1
"4006","Processing",1
"4006","R",6
"4008","DARIAH-DE Working Papers",1
"4008","Digital Humanities Course Registry",2
"4008","Markdown",2
"4008","Overview",1
"4008","R",3
"4008","RStudio",1
"4008","Voyant Tools",1
"4008","Zotero",1
"4009","Unity",1
"4011","Overview",1
"4011","Python",2
"4012","CLARIN-PL",1
"4012","Gephi",2
"4012","Paper",1
"4012","R",6
"4012","Topic",3
"4012","stylo",1
"4013","R",2
"4014","R",2
"4015","R",5
"4015","Things",1
"4016","R",2
"4018","Google Analytics",2
"4018","R",1
"4018","Twitter",1
"4019","Papers",1
"4019","R",2
"4019","Unity",1
"4022","R",1
"4022","Spatial",6
"4023","R",1
"4023","Twitter",2
"4024","Papers",1
"4024","Processing",4
"4024","R",4
"4024","Twitter",8
"4024","WordHoard",1
"4024","fixed",1
"4025","Archive-It",1
"4025","Processing",1
"4026","Github",1
"4026","Mallet",1
"4026","Processing",1
"4026","Python",3
"4026","R",1
"4026","Topic",10
"4026","fixed",1
"4027","Gephi",2
"4027","R",1
"4027","Spatial",7
"4027","WebLicht",2
"4028","Bookworm",14
"4028","HathiTrust Digital Library",3
"4028","R",1
"4029","Drupal",1
"4030","Python",1
"4030","R",2
"4031","R",5
"4034","ArcGIS",2
"4034","Google My Maps",1
"4034","MySQL",1
"4034","Skype",1
"4034","Twitter",5
"4034","YouTube",1
"4035","Papers",1
"4035","R",3
"4036","DARIAH-DE Working Papers",1
"4036","MySQL",1
"4036","R",1
"4036","YouTube",1
"4037","Google Books",1
"4038","Google",1
"4039","R",2
"4040","ATLAS.ti",1
"4040","Dropbox",1
"4040","Google Drive",1
"4040","Projects",1
"4040","R",2
"4040","Skype",1
"4040","YouTube",1
"4041","Paper",1
"4044","Topic",2
"4045","Google Analytics",1
"4045","Python",1
"4045","word2vec",1
"4046","Heurist",1
"4046","Palladio",1
"4048","Gephi",2
"4048","R",2
"4050","Omeka",1
"4051","Excel",1
"4051","Gephi",3
"4051","NodeXL",2
"4051","R",2
"4051","TXM",2
"4051","Twitter",19
"4051","YouTube",1
"4052","Concordance",1
"4052","R",2
"4053","R",6
"4053","Topic",1
"4054","Cytoscape",1
"4054","Django",1
"4054","Papers",1
"4054","Pliny",21
"4054","R",1
"4054","SNAP",2
"4054","Tesserae",1
"4055","R",2
"4056","R",1
"4056","Zotero",2
"4057","Jekyll",1
"4057","Juxta",5
"4057","Overview",1
"4058","Github",1
"4058","Papers",1
"4058","R",3
"4059","Bookworm",1
"4059","Google",2
"4059","Google Books",2
"4059","HathiTrust Digital Library",3
"4059","R",1
"4060","MySQL",2
"4060","R",3
"4061","Jekyll",1
"4061","Leaflet",1
"4064","Protégé",2
"4065","Paper",1
"4065","R",1
"4065","fixed",1
"4068","Neatline",1
"4068","Projects",1
"4068","YouTube",2
"4069","Origin",1
"4069","R",3
"4070","Pattern",1
"4070","Processing",1
"4070","R",5
"4071","Pattern",1
"4071","R",5
"4071","Topic",2
"4071","Voyant Tools",2
"4072","R",4
"4072","WordPress",1
"4073","R",2
"4074","Gephi",4
"4074","R",9
"4074","stylo",1
"4076","Processing",1
"4076","R",14
"4078","Papers",2
"4078","Processing",2
"4078","R",3
"4078","fixed",1
"4078","word2vec",5
"4079","Annotation Studio",1
"4079","Github",1
"4079","Hypothes.is",1
"4079","JavaScript",1
"4079","R",1
"4079","TEI Boilerplate",5
"4080","Google",2
"4080","Pattern",2
"4080","Processing",1
"4080","R",2
"4081","Papers",1
"4081","Processing",1
"4081","R",2
"4082","R",1
"4082","Things",1
"4083","Hypothesis",2
"4084","Google",1
"4084","Python",1
"4084","R",2
"4084","Topic",1
"4084","fixed",1
"4087","Google",7
"4088","Pattern",1
"4088","R",2
"4088","Tesseract",12
"4090","GIMP",1
"4091","Google",1
"4091","R",3
"4091","Spatial",1
"4092","Papers",1
"4094","Google",1
"4094","Google Books",2
"4094","Processing",1
"4094","R",3
"4095","Annotations",1
"4095","MediaWiki",2
"4095","Pundit",1
"4097","Python",2
"4099","Processing",1
"4099","R",4
"4101","R",1
"4101","Unity",1
"4102","CLARIN-PL",1
"4102","Liner2",3
"4102","Mallet",4
"4102","Pattern",1
"4102","Processing",4
"4102","R",5
"4102","Topic",1
"4102","WCRFT2",2
"4102","WebSty",4
"4102","Weka",2
"4102","WoSeDon",2
"4103","Twitter",10
"4104","Annotations",1
"4104","R",1
"4105","InDesign",1
"4105","TEI Boilerplate",1
"4105","eXist-db",1
"4106","Gephi",1
"4106","R",1
"4107","R",1
"4108","R",1
"4111","Google",2
"4111","Google Books",2
"4111","HathiTrust Digital Library",1
"4111","R",1
"4112","Mukurtu CMS",1
"4112","Oral History Metadata Synchronizer",1
"4113","Overview",1
"4113","Processing",1
"4113","Python",5
"4113","R",1
"4116","R",1
"4117","Papers",1
"4117","Processing",2
"4118","AntConc",2
"4118","Github",2
"4118","R",4
"4118","Twitter",2
"4118","Voyant Tools",1
"4119","Google",1
"4119","Paper",1
"4119","R",3
"4119","TXM",5
"4119","Textexture",3
"4120","Github",1
"4120","Python",1
"4120","R",1
"4120","Tropy",1
"4120","Zotero",2
"4121","Abbot",1
"4121","R",2
"4121","Topic",1
"4122","Gephi",1
"4122","Google",1
"4124","Mallet",1
"4124","Topic",4
"4125","Leaflet",1
"4125","RAW",1
"4126","Google",1
"4127","Google",1
"4127","Pattern",1
"4127","R",1
"4127","Twitter",2
"4128","Google",1
"4128","Google Ngram Viewer",2
"4128","R",3
"4129","Google",1
"4129","R",2
"4129","Spatial",1
"4130","Google",1
"4130","HathiTrust Digital Library",1
"4130","R",1
"4130","Topic",3
"4131","Drupal",1
"4131","Overview",1
"4131","Processing",1
"4131","Projects",1
"4131","R",1
"4131","Twitter",1
"4133","Sketch Engine",1
"4133","Twitter",1
"4133","YouTube",1
"4134","Annotations",1
"4134","Hypothesis",3
"4134","Processing",2
"4134","Pundit",2
"4134","R",1
"4134","Recogito",20
"4135","Processing",1
"4135","R",2
"4135","Spatial",1
"4136","Google",1
"4136","Google Books",1
"4136","R",1
"4136","fixed",1
"4137","R",1
"4138","Django",1
"4138","R",1
"4139","OpenRefine",1
"4139","Twitter",1
"4140","VSim",5
"4141","R",1
"4142","R",4
"4142","fixed",2
"4144","Bookworm",2
"4144","Google",1
"4144","Processing",1
"4144","R",5
"4144","Wisdom",1
"4144","gensim",2
"4144","word2vec",9
"4145","Annotation Studio",1
"4145","Annotations",2
"4145","Django",3
"4145","Google Scholar",1
"4145","Zotero",3
"4147","Annotations",1
"4147","JavaScript",1
"4147","Python",1
"4147","R",4
"4148","Overview",2
"4148","QGIS",1
"4148","R",1
"4148","Transcript",2
"4151","R",1
"4152","Github",1
"4152","R",4
"4153","Bootstrap",1
"4153","MySQL",1
"4153","Perl",1
"4153","R",2
"4154","Annotation Studio",1
"4154","Bootstrap",1
"4154","Django",1
"4154","MySQL",1
"4154","Python",1
"4156","Google",1
"4156","R",2
"4156","Twitter",1
"4156","YouTube",2
"4157","Spatial",1
"4157","Wisdom",1
"4159","Google",1
"4159","JavaScript",1
"4159","Leaflet",2
"4159","R",3
"4160","Google",1
"4160","Google Books",1
"4160","R",1
"4160","Typical",1
"4160","Voyant Tools",1
"4160","WordPress",1
"4160","YouTube",1
"4162","Github",1
"4162","HathiTrust Digital Library",2
"4162","Overview",1
"4162","Python",2
"4162","R",2
"4163","Fedora",1
"4163","Hypothes.is",1
"4163","Solr",1
"4164","Omeka",3
"4164","Silk",1
"4166","Processing",1
"4167","Old Maps Online",1
"4168","Papers",1
"4169","Gephi",12
"4169","Github",1
"4169","R",1
"4170","Tesserae",1
"4172","JavaScript",2
"4172","Leaflet",1
"4175","Google",1
"4176","R",1
"4176","stylo",1
"4177","R",1
"4178","Joomla",1
"4178","R",3
"4179","Tumblr",1
"4179","Twitter",1
"4181","Annotations",1
"4182","Github",1
"4183","Twitter",1
"4185","Substance",1
"4187","Annotation Studio",1
"4187","Confluence",1
"4187","Cytoscape",1
"4187","Dataverse",1
"4187","Gephi",1
"4187","Palladio",1
"4187","Tesseract",1
"4188","Icon",1
"4188","Paper",2
"4188","Papers",1
"4188","Pattern",2
"4188","Processing",1
"4188","Projects",1
"4188","R",2
"4189","Github",1
"4189","R",1
"4190","Twitter",1
"4191","Orange",3
"4191","Twitter",5
"4192","Chrome",1
"4192","Firefox",1
"4192","Google",1
"4193","Overview",1
"4193","R",1
"4193","Topic",1
"4193","Transkribus",17
"4194","Gephi",4
"4194","Processing",1
"4195","Chrome",1
"4195","Firefox",1
"4195","forTEXT",1
"4196","Google Books",1
"4196","Python",3
"4196","R",1
"4196","Tesseract",2
"6256","Projects",1
"6259","Google",3
"6266","Excel",2
"6266","Google",2
"6266","Twitter",26
"6266","Voyant Tools",2
"6269","Recogito",22
"6271","R",1
"6273","Gephi",1
"6273","R",2
"6273","stylo",1
"6280","TF-IDF",1
"6282","Twitter",1
"6282","fixed",1
"6283","CollateX",1
"6283","MySQL",1
"6283","Textual Communities",5
"6285","Abbot",1
"6285","R",1
"6286","Google Books",8
"6287","Projects",1
"6289","Twitter",5
"6295","CollateX",5
"6295","Origin",2
"6295","Python",1
"6295","R",1
"6297","Google",1
"6297","Map Warper",1
"6297","Neatline",1
"6297","Omeka",1
"6297","Python",1
"6297","Twitter",1
"6299","MySQL",1
"6300","CollateX",1
"6302","R",1
"6303","JavaScript",1
"6303","WordPress",2
"6303","YouTube",4
"6304","CollateX",1
"6304","Juxta",1
"6304","MediaWiki",1
"6304","fixed",1
"6305","fixed",1
"6311","R",1
"6314","fixed",1
"6318","PeriodO",24
"6322","Google",1
"6322","R",1
"6326","LitViz",19
"6326","MediaWiki",1
"6326","TextImager",1
"6326","word2vec",1
"6329","Ghost",1
"6330","Tesseract",1
"6330","TypeWright",1
"6332","Mallet",1
"6332","R",1
"6332","Topic",2
"6335","Twitter",1
"6336","D3.js",1
"6336","Google",1
"6336","OpenRefine",1
"6336","Palladio",1
"6337","Gephi",2
"6340","Omeka",2
"6340","Palladio",1
"6341","Zenodo",2
"6347","TypeWright",2
"6348","Mural",1
"6348","Overview",1
"6349","EndNote",1
"6349","Excel",1
"6356","Python",1
"6357","Github",1
"6358","StoryMapJS",2
"6359","Github",1
"6360","Jekyll",2
"6360","Markdown",1
"6364","Python",1
"6364","Tesseract",2
"6365","Overview",1
"6367","GeoNames",2
"6372","R",1
"6375","Paper",3
"6376","Google",1
"6376","Manifold",8
"6377","Zotero",1
"6378","CLARIN-PL",1
"6379","Cytoscape",1
"6381","Python",2
"6381","R",1
"6382","ArcGIS",1
"6382","Omeka",1
"6388","Google",4
"6389","R",1
"6393","D3.js",1
"6393","Django",1
"6393","JavaScript",2
"6393","MySQL",1
"6393","Overview",9
"6393","Python",1
"6393","Topic",6
"6393","gensim",2
"6397","Calenda",1
"6397","ISIDORE",17
"6397","WordPress",2
"6399","Unity",3
"6400","Neatline",1
"6400","Omeka",1
"6401","Koha",1
"6403","Concordance",6
"6408","Academia.edu",1
"6408","BuddyPress",1
"6408","Commons In A Box",1
"6408","Fedora",1
"6408","Mendeley",1
"6408","Solr",1
"6408","WordPress",2
"6409","Google",1
"6409","Processing",1
"6410","Github",1
"6410","Python",3
"6411","MediaWiki",1
"6411","The FOAF Project",1
"6412","Google",1
"6412","Google My Maps",2
"6417","OpenRefine",1
"6417","Python",1
"6420","Twitter",2
"6420","YouTube",2
"6426","Processing",1
"6429","R",4
"6429","Voyant Tools",1
"6433","HathiTrust Digital Library",1
"6438","Gephi",1
"6439","WebGL",1
"6441","JavaScript",1
"6441","Jekyll",1
"6443","Python",1
"6444","ArcGIS",1
"6446","Chrome",1
"6446","Google",1
"6455","Omeka",1
"6455","Processing",1
"6455","Python",1
"6456","Markdown",1
"6456","Twitter",1
"6458","Paper",6
"6458","Projects",1
"6459","R",1
"6463","Overview",1
"6464","QGIS",2
"6466","Manifold",1
"6466","Overview",1
"6466","Projects",1
"6466","Python",4
"6466","R",1
"6469","Projects",1
"6471","Paper",2
"6471","Papers",1
"6472","Jekyll",1
"6472","Markdown",1
"6472","Omeka",1
"6472","Overview",1
"6472","Python",1
"6472","Voyant Tools",1
"6473","Drupal",1
"6473","Gephi",1
"6473","R",6
"6474","Overview",1
"6474","Paper",7
"6474","Twitter",1
"6477","Twitter",3
"6480","Papers",2
"6482","R",8
"6482","Unity",2
"6484","Google",1
"6484","R",2
"6484","Spatial",2
"6486","fixed",1
"6489","VARD",1
"6492","3DHOP",1
"6492","JavaScript",1
"6492","Unity",1
"6492","WebGL",2
"6497","Lexos",1
"6497","Papers",1
"6498","Papers",1
"6499","Leaflet",1
"6499","Python",1
"6500","Pattern",5
"6500","Python",1
"6500","TextBlob",3
"6500","VADER",6
"6501","Excel",1
"6501","Gephi",1
"6501","Palladio",1
"6504","Google",1
"6506","Blender",1
"6506","Unity",2
"6506","WebGL",1
"6517","Gephi",1
"6518","Transkribus",1
"6520","Natural Language Toolkit",1
"6520","Python",2
"6520","TreeTagger",1
"6521","Annotations",1
"6527","Processing",1
"6527","Projects",1
"6528","JavaScript",1
"6528","Python",1
"6530","Omeka",2
"6533","R",1
"6545","KWIC",1
"6546","Ptolemaic",1
"6548","MySQL",1
"6550","eXist-db",1
"6551","Pattern",1
"6554","Gephi",1
"6554","Google",1
"6554","Python",1
"6554","Twitter",1
"6557","eXist-db",1
"6558","Excel",1
"6558","Python",1
"6560","Twitter",16
"6561","Python",1
"6563","Twitter",1
"6564","Paper",1
"6565","Dataverse",1
"6566","Google",2
"6568","Omeka",3
"6568","R",2
"6569","Google",2
"6571","Python",1
"6571","Twitter",4
"6571","YouTube",1
"6574","Google Books",1
"6575","Intelligent Archive",1
"6575","Mural",1
"6575","Python",1
"6577","fixed",1
"6580","Google",2
"6581","Processing",1
"6582","fixed",1
"6583","Manifold",1
"6583","Omeka",1
"6583","Oral History Metadata Synchronizer",1
"6584","Google",2
"6588","Omeka",1
"6590","Google",1
"6590","Palladio",1
"6590","Processing",1
"6590","Spatial",1
"6590","Tesseract",1
"6594","Forte",2
"6594","Unity",1
"6595","Excel",1
"7837","Gephi",1
"7837","R",2
"7837","TF-IDF",1
"7840","R",1
"7849","Overview",1
"7852","Overview",1
"7852","R",1
"7854","CollateX",11
"7854","Processing",1
"7854","Python",4
"7854","Språkbanken",1
"7855","Concordance",2
"7855","KWIC",1
"7855","TXM",24
"7855","TreeTagger",3
"7856","Recogito",7
"7857","Excel",1
"7857","Google",1
"7858","GIMP",1
"7859","Google",4
"7859","Processing",1
"7859","Projects",2
"7859","Spatial",1
"7859","Twitter",1
"7860","Papers",1
"7862","Voyant Tools",6
"7863","Omeka",11
"7865","Projects",1
"7865","Spatial",1
